Furnace_Temperature,Carbon_Content,Silicon_Content,Manganese_Content,Sulfur_Content,Phosphorus_Content,Oxygen_Level,Power_Consumption,Melting_Time,Cooling_Time,Scrap_Weight,Flux_Added,Steel_Strength
1604.9,0.394,0.362,0.718,0.028,0.016,69.5,880.7,65.0,28.3,26.69,127.1,420.25
1592.2,0.371,0.109,0.758,0.04,0.03,37.5,858.6,65.3,40.7,30.15,295.5,416.32
1608.0,0.307,0.348,0.88,0.036,0.024,46.6,870.3,75.1,27.4,25.71,292.9,403.06
1625.5,0.496,0.139,0.813,0.035,0.036,21.3,1007.0,80.8,37.7,15.68,132.7,435.25
1590.3,0.382,0.201,1.136,0.024,0.016,38.1,766.6,62.8,27.5,34.59,159.9,430.28
1590.3,0.271,0.323,0.798,0.044,0.03,50.2,919.0,92.9,26.4,15.26,120.0,400.03
1626.6,0.231,0.148,1.194,0.029,0.028,23.4,838.5,86.4,43.2,34.05,154.3,422.84
1610.3,0.246,0.345,1.081,0.049,0.019,49.5,861.5,80.5,28.8,37.33,263.2,399.39
1585.6,0.274,0.35,0.567,0.035,0.014,75.6,848.2,89.0,41.4,25.82,175.7,395.86
1605.9,0.248,0.252,1.144,0.015,0.03,26.3,833.0,62.8,35.9,28.39,117.7,407.57
1585.7,0.256,0.102,0.493,0.037,0.032,65.9,827.2,76.7,26.6,26.92,168.4,373.73
1585.7,0.286,0.186,1.054,0.023,0.019,44.6,863.2,82.1,44.1,24.73,296.3,405.54
1599.8,0.252,0.285,0.704,0.037,0.029,59.3,789.3,89.0,29.9,37.19,225.9,405.85
1556.7,0.469,0.394,1.102,0.013,0.022,35.6,880.0,87.4,42.2,37.35,183.2,445.8
1560.5,0.224,0.29,1.094,0.017,0.031,29.6,833.4,69.7,28.4,23.4,133.3,412.65
1583.8,0.357,0.178,1.045,0.044,0.016,29.6,804.8,92.9,42.1,30.38,297.2,398.25
1574.7,0.323,0.29,1.032,0.019,0.037,24.2,832.0,64.4,25.3,38.17,264.2,411.34
1601.3,0.495,0.262,0.644,0.043,0.019,31.1,900.3,90.6,35.2,39.05,156.3,432.33
1576.8,0.234,0.334,0.465,0.021,0.021,59.9,828.6,94.0,40.4,27.72,114.0,403.6
1566.8,0.319,0.132,0.722,0.036,0.012,72.9,864.3,66.2,43.7,26.32,111.3,411.34
1624.3,0.491,0.328,0.539,0.038,0.013,68.8,820.8,85.3,43.2,21.97,124.1,440.44
1590.5,0.46,0.262,0.956,0.031,0.025,61.1,880.3,61.4,41.4,38.97,216.2,451.55
1596.4,0.445,0.389,0.677,0.022,0.018,26.6,877.4,74.2,42.8,18.57,285.8,443.23
1566.5,0.277,0.203,1.18,0.019,0.035,37.4,923.9,78.1,29.0,29.5,199.3,405.49
1584.1,0.251,0.29,0.913,0.011,0.01,38.6,843.0,80.3,30.7,22.06,268.6,417.32
1597.2,0.401,0.38,1.058,0.022,0.021,35.0,876.7,92.8,30.8,21.98,189.2,445.69
1572.0,0.479,0.131,0.506,0.036,0.02,50.9,853.9,83.5,32.5,25.12,241.7,400.9
1602.5,0.367,0.381,1.09,0.048,0.011,52.1,901.8,76.8,32.9,39.97,246.4,425.38
1583.0,0.371,0.306,1.138,0.045,0.014,41.4,821.2,88.3,35.9,16.37,134.8,418.17
1589.2,0.284,0.12,0.79,0.041,0.022,41.2,879.8,93.3,28.2,29.46,172.2,394.23
1583.0,0.431,0.19,0.885,0.042,0.025,69.7,842.2,60.8,38.8,17.06,227.5,420.62
1632.0,0.256,0.312,1.012,0.037,0.022,67.4,847.4,94.4,28.4,18.86,114.1,397.04
1594.7,0.297,0.12,0.54,0.02,0.026,38.5,853.7,63.0,31.2,25.99,172.3,417.48
1573.8,0.328,0.275,0.802,0.046,0.028,74.8,860.1,88.5,35.1,27.76,207.0,422.29
1611.5,0.352,0.204,0.719,0.037,0.01,77.2,845.4,69.8,40.9,21.47,299.2,425.91
1570.6,0.273,0.286,0.517,0.032,0.024,39.6,858.6,64.6,39.8,22.91,194.9,405.57
1599.2,0.234,0.114,0.694,0.014,0.039,41.3,913.1,75.4,37.9,17.17,263.2,397.97
1555.8,0.383,0.361,0.455,0.028,0.026,50.3,889.4,82.5,28.1,22.58,186.4,407.2
1568.4,0.287,0.392,0.421,0.028,0.03,76.5,884.8,73.3,35.9,39.16,259.3,389.85
1598.9,0.374,0.391,0.508,0.045,0.019,72.6,831.8,61.9,26.7,38.62,219.1,413.41
1609.8,0.246,0.325,1.17,0.032,0.033,26.2,814.4,81.0,32.5,23.37,277.3,416.86
1598.4,0.344,0.139,0.84,0.025,0.033,43.6,888.2,91.6,33.3,29.27,182.2,395.15
1592.7,0.36,0.327,1.173,0.049,0.026,53.2,885.0,73.4,25.8,37.74,220.9,418.86
1589.0,0.216,0.107,0.746,0.014,0.039,50.2,908.9,67.6,30.5,15.15,226.0,399.89
1565.4,0.301,0.107,0.649,0.027,0.014,31.6,825.8,75.5,44.1,35.27,183.5,410.0
1580.6,0.24,0.197,0.805,0.012,0.011,71.5,840.8,61.7,44.1,38.71,128.9,419.21
1585.8,0.219,0.247,0.752,0.04,0.033,60.6,784.4,88.7,32.0,17.28,118.7,401.24
1616.1,0.497,0.331,0.485,0.047,0.034,70.3,834.3,88.9,25.9,19.04,103.3,420.03
1601.9,0.297,0.305,0.913,0.021,0.014,71.5,889.9,80.6,28.6,39.02,274.7,410.34
1559.7,0.443,0.234,0.573,0.044,0.018,64.9,831.3,72.4,32.8,28.44,147.3,415.49
1601.5,0.276,0.182,0.896,0.022,0.011,46.4,875.6,88.0,44.0,15.35,142.3,415.12
1587.3,0.404,0.399,0.92,0.046,0.019,56.6,842.4,79.4,27.8,21.44,247.2,414.06
1581.5,0.428,0.228,0.522,0.04,0.033,29.6,863.0,88.9,40.3,26.25,164.0,399.51
1607.2,0.379,0.235,0.449,0.042,0.026,60.4,804.1,82.1,27.2,32.32,201.2,422.06
1615.6,0.341,0.149,1.025,0.011,0.02,30.8,853.4,87.5,44.6,33.33,132.5,430.58
1613.6,0.324,0.338,0.768,0.049,0.021,61.6,730.4,80.9,32.6,39.89,291.9,414.67
1578.2,0.305,0.308,0.447,0.039,0.01,33.8,842.5,74.5,40.5,22.19,270.3,415.2
1588.8,0.479,0.166,1.196,0.022,0.019,27.1,784.8,93.5,31.9,28.46,272.8,429.09
1601.6,0.449,0.125,0.446,0.043,0.029,29.9,898.2,78.9,37.6,28.33,181.4,415.29
1614.5,0.49,0.304,0.956,0.021,0.039,20.1,881.1,81.2,28.8,25.14,252.5,423.57
1585.4,0.237,0.296,1.187,0.045,0.035,63.1,868.7,67.7,27.9,19.23,128.8,414.4
1591.3,0.419,0.182,0.591,0.015,0.011,63.9,910.8,81.9,43.8,39.44,101.7,419.01
1572.9,0.482,0.385,0.514,0.038,0.037,50.9,812.0,80.0,43.4,36.33,104.0,423.37
1571.1,0.254,0.145,0.497,0.032,0.033,29.7,919.9,66.5,42.7,27.46,217.3,399.53
1611.3,0.22,0.23,0.643,0.014,0.033,25.0,887.3,62.1,37.5,30.08,191.1,424.59
1622.1,0.422,0.383,0.481,0.02,0.024,21.1,840.5,81.2,41.2,20.68,203.6,440.42
1593.6,0.372,0.226,0.954,0.01,0.022,29.9,895.4,86.7,26.4,28.59,101.5,410.87
1615.1,0.453,0.292,0.45,0.029,0.019,73.5,805.7,78.3,31.7,32.37,184.5,436.42
1602.2,0.242,0.219,0.808,0.022,0.012,34.5,817.0,67.9,31.3,27.88,243.6,420.73
1582.1,0.439,0.182,1.197,0.034,0.017,41.3,825.7,83.3,37.7,39.76,188.5,434.15
1602.2,0.26,0.395,1.051,0.022,0.017,26.3,828.8,62.8,32.1,30.28,246.4,433.45
1625.8,0.249,0.223,0.892,0.022,0.025,33.3,807.7,75.5,28.0,24.27,146.6,430.18
1594.3,0.249,0.368,0.645,0.04,0.032,51.2,898.9,65.7,36.9,34.3,262.6,422.52
1626.3,0.444,0.169,0.899,0.012,0.024,56.5,839.6,66.5,41.3,19.26,217.7,438.15
1542.6,0.4,0.164,0.822,0.046,0.012,34.7,864.1,67.1,32.6,24.61,142.2,429.9
1611.4,0.357,0.109,0.741,0.044,0.039,23.5,827.2,73.5,27.6,23.67,147.3,409.29
1596.7,0.308,0.296,0.505,0.037,0.038,43.5,777.2,61.8,28.9,25.8,225.6,414.82
1589.0,0.463,0.211,1.109,0.034,0.034,34.1,860.8,73.9,29.7,34.54,266.0,414.49
1596.8,0.318,0.359,0.76,0.046,0.04,33.2,773.5,77.9,31.0,27.1,183.1,407.99
1555.2,0.445,0.242,0.556,0.017,0.026,77.6,847.3,76.9,37.9,34.85,151.7,418.21
1590.6,0.332,0.39,0.694,0.013,0.039,57.0,795.3,73.4,37.0,29.41,273.4,431.8
1602.1,0.313,0.156,0.731,0.02,0.012,53.4,929.5,89.4,38.9,23.55,233.9,418.59
1624.6,0.339,0.361,1.062,0.042,0.021,44.9,886.5,65.1,32.3,35.25,189.6,406.43
1584.6,0.29,0.333,0.987,0.011,0.017,45.7,854.2,77.7,41.5,20.96,197.6,427.0
1578.8,0.424,0.331,1.015,0.033,0.016,52.5,900.5,62.2,29.1,20.61,140.9,439.34
1585.0,0.351,0.353,0.409,0.05,0.014,61.8,816.1,62.5,34.4,27.61,225.4,414.1
1613.3,0.27,0.328,0.733,0.044,0.029,62.1,871.7,80.1,41.0,21.52,171.7,409.61
1601.6,0.47,0.288,0.785,0.031,0.033,30.3,858.0,79.8,28.6,15.23,299.1,430.92
1584.4,0.315,0.139,0.415,0.013,0.027,50.0,860.6,90.7,27.2,31.21,196.0,402.58
1605.3,0.363,0.11,0.608,0.043,0.014,44.7,900.9,79.5,42.7,27.78,197.2,409.89
1596.9,0.472,0.376,1.008,0.034,0.034,72.2,879.3,93.6,31.9,26.14,213.2,411.41
1614.4,0.387,0.285,0.51,0.015,0.029,57.9,861.5,61.7,38.7,39.17,283.4,423.99
1581.0,0.235,0.339,0.828,0.014,0.022,52.0,783.8,63.4,25.5,29.28,260.2,420.38
1588.4,0.482,0.244,0.572,0.046,0.03,26.9,811.6,61.5,38.8,36.59,190.2,435.39
1587.2,0.388,0.135,0.41,0.037,0.018,56.3,845.1,66.5,31.3,18.49,243.7,412.08
1565.7,0.3,0.138,0.593,0.043,0.02,27.0,853.7,78.9,26.1,29.23,217.2,392.2
1600.9,0.242,0.306,1.181,0.045,0.038,40.2,804.8,82.6,37.2,36.7,198.5,400.76
1600.2,0.438,0.229,1.041,0.033,0.019,28.6,946.5,61.6,29.8,29.58,138.5,440.69
1595.1,0.386,0.16,1.168,0.031,0.024,61.5,910.7,93.1,32.7,32.95,192.8,406.97
1590.3,0.36,0.247,0.79,0.027,0.037,32.4,874.1,89.5,26.6,24.3,149.2,396.56
1566.7,0.468,0.119,0.488,0.023,0.031,43.5,852.9,70.4,27.9,17.31,283.0,427.61
1586.6,0.437,0.275,0.838,0.027,0.012,73.7,841.5,62.7,31.0,26.45,167.1,430.53
1588.1,0.246,0.181,0.764,0.041,0.014,32.3,811.9,65.9,26.8,24.86,290.5,403.12
1579.0,0.294,0.339,1.075,0.034,0.01,50.5,853.1,64.4,43.2,36.68,206.6,439.3
1591.8,0.275,0.193,0.478,0.046,0.029,45.2,860.3,64.3,25.1,21.1,226.3,394.31
1603.1,0.423,0.237,0.791,0.028,0.023,21.1,800.3,78.1,34.7,39.17,208.6,434.95
1632.7,0.21,0.103,0.52,0.034,0.014,67.6,863.4,68.6,27.5,38.95,125.9,382.36
1598.5,0.371,0.122,0.66,0.035,0.039,24.1,843.8,72.5,31.2,21.19,175.2,410.02
1600.2,0.429,0.218,0.99,0.034,0.026,48.5,773.7,94.6,43.5,23.7,119.8,431.96
1593.5,0.463,0.244,0.781,0.038,0.017,53.6,815.6,84.0,28.2,37.39,224.6,410.08
1556.6,0.303,0.28,0.701,0.019,0.025,57.7,833.5,93.2,44.3,39.17,189.4,412.52
1594.5,0.446,0.187,0.716,0.03,0.03,61.3,925.5,65.0,29.1,26.09,255.6,421.11
1596.2,0.233,0.308,0.768,0.014,0.012,35.2,872.3,73.4,39.8,23.02,144.1,420.12
1644.3,0.454,0.358,1.028,0.025,0.018,20.6,796.6,79.4,35.9,28.15,132.9,457.25
1591.2,0.238,0.334,1.114,0.03,0.034,63.4,869.4,62.7,42.7,32.19,181.3,417.28
1601.0,0.319,0.112,1.164,0.036,0.024,52.1,788.1,60.1,36.1,21.84,285.3,431.63
1594.3,0.439,0.244,1.03,0.048,0.026,70.2,893.3,83.5,35.7,33.41,242.1,407.1
1571.6,0.245,0.131,0.652,0.034,0.023,69.3,831.2,82.5,28.9,16.29,183.8,388.7
1617.9,0.269,0.173,0.951,0.04,0.011,70.6,846.3,74.4,28.3,16.23,203.5,401.98
1610.0,0.417,0.396,0.75,0.03,0.015,49.1,903.0,77.1,43.3,24.66,116.8,427.42
1610.8,0.416,0.143,0.604,0.035,0.023,40.0,798.5,74.5,31.6,23.84,296.9,428.66
1576.8,0.392,0.25,1.073,0.013,0.016,67.5,794.1,60.8,32.4,22.89,233.3,455.33
1623.1,0.408,0.285,0.431,0.02,0.011,47.1,826.7,71.7,40.2,27.28,157.1,437.34
1567.0,0.363,0.311,1.121,0.024,0.035,31.0,891.5,66.2,31.8,23.02,217.2,428.68
1606.7,0.276,0.268,0.769,0.029,0.039,71.3,789.2,63.4,44.0,19.81,121.9,416.71
1638.8,0.304,0.103,0.91,0.012,0.034,73.0,736.7,93.5,39.8,22.74,293.2,407.41
1575.2,0.254,0.198,0.927,0.016,0.036,48.0,832.0,81.0,36.9,39.37,135.0,392.35
1583.7,0.473,0.255,1.116,0.021,0.017,24.5,872.1,85.5,42.6,25.28,229.6,437.91
1597.0,0.375,0.126,0.909,0.049,0.039,43.3,898.0,71.0,26.0,26.12,149.1,390.66
1584.9,0.32,0.205,0.891,0.023,0.016,68.2,831.5,73.8,30.1,29.41,243.5,426.76
1564.0,0.339,0.11,0.453,0.029,0.039,74.1,833.5,68.3,34.3,39.58,255.4,400.67
1596.4,0.484,0.124,0.815,0.018,0.04,32.2,896.2,63.4,29.5,21.04,234.7,430.11
1573.8,0.246,0.219,0.52,0.034,0.031,24.0,775.2,66.3,39.9,32.03,222.9,416.6
1604.5,0.376,0.14,0.99,0.021,0.039,72.6,834.5,87.9,43.4,32.9,278.5,407.52
1576.6,0.352,0.27,0.81,0.018,0.027,43.4,857.6,83.7,33.5,30.18,115.7,411.47
1626.0,0.383,0.307,0.944,0.031,0.018,52.5,868.0,79.1,31.8,17.21,166.2,424.96
1579.3,0.205,0.34,0.433,0.01,0.023,78.1,829.6,76.6,44.2,31.92,149.7,416.59
1588.6,0.462,0.16,0.468,0.01,0.028,24.0,851.4,92.3,33.9,16.6,297.6,431.47
1611.3,0.48,0.15,0.973,0.019,0.012,58.9,750.5,62.5,34.8,29.9,177.9,449.88
1570.4,0.37,0.131,0.458,0.011,0.029,24.4,823.7,69.8,32.0,33.49,246.5,422.7
1599.5,0.409,0.291,0.457,0.014,0.039,42.5,868.1,72.2,43.2,20.27,236.9,435.32
1621.1,0.477,0.312,0.41,0.024,0.016,68.2,810.7,87.4,36.4,36.04,142.4,434.39
1562.9,0.412,0.109,1.165,0.042,0.034,46.0,852.4,94.7,40.2,15.76,147.8,401.7
1598.7,0.246,0.381,0.99,0.033,0.037,79.8,867.9,68.4,41.2,36.1,156.3,409.21
1600.2,0.373,0.116,0.683,0.031,0.038,53.5,836.3,90.6,31.8,26.51,182.2,394.64
1610.6,0.382,0.262,0.637,0.022,0.039,39.3,856.8,89.1,33.7,20.44,146.9,416.91
1570.3,0.327,0.313,0.68,0.047,0.026,33.2,811.5,67.9,42.0,18.34,103.9,414.06
1568.6,0.421,0.361,1.02,0.026,0.039,41.0,841.7,74.0,32.3,38.83,275.9,448.92
1605.4,0.48,0.314,0.929,0.013,0.033,42.4,874.4,74.3,40.9,16.82,293.1,445.93
1600.9,0.478,0.341,0.548,0.035,0.015,24.1,856.3,94.2,43.8,19.98,168.3,424.7
1600.0,0.335,0.202,0.539,0.015,0.024,42.2,826.5,66.3,37.5,23.7,167.7,424.27
1601.9,0.234,0.344,0.479,0.024,0.032,47.9,859.0,88.0,39.8,30.51,101.4,406.99
1581.4,0.495,0.124,0.928,0.03,0.017,63.4,878.6,71.7,41.1,28.62,236.1,447.84
1599.6,0.452,0.368,1.011,0.045,0.029,59.4,768.0,85.6,41.9,18.14,265.1,426.45
1600.9,0.237,0.264,0.612,0.03,0.03,62.5,896.4,74.7,32.9,22.24,129.3,384.5
1580.7,0.476,0.345,0.417,0.038,0.015,20.5,836.5,80.2,26.0,20.97,131.9,434.42
1632.3,0.461,0.236,0.466,0.05,0.027,33.1,867.0,89.1,33.0,20.34,258.0,405.67
1604.5,0.356,0.293,1.174,0.015,0.033,59.7,897.9,88.1,38.5,25.28,223.3,418.11
1571.2,0.377,0.258,0.636,0.021,0.025,49.0,795.1,90.3,34.0,32.6,109.0,414.79
1608.1,0.32,0.319,1.015,0.026,0.01,20.3,821.6,62.1,40.0,20.44,224.5,438.13
1575.5,0.216,0.124,0.9,0.027,0.01,68.3,838.5,84.2,32.1,24.17,161.8,399.38
1610.7,0.301,0.118,0.706,0.026,0.021,66.4,818.6,64.9,37.7,24.77,173.7,408.85
1618.2,0.441,0.174,0.565,0.046,0.038,52.9,919.4,74.6,28.7,39.41,253.9,406.64
1578.6,0.201,0.148,0.497,0.039,0.017,24.0,815.7,79.2,40.0,38.87,262.2,396.93
1614.3,0.3,0.362,0.892,0.034,0.029,66.0,827.8,74.1,35.9,35.0,180.1,415.83
1603.3,0.319,0.166,1.02,0.022,0.017,55.0,858.2,78.2,29.1,21.04,289.4,413.85
1611.4,0.361,0.393,0.915,0.043,0.02,66.9,801.9,94.9,30.8,16.7,181.3,414.99
1632.9,0.476,0.201,0.824,0.048,0.035,65.1,834.2,64.7,40.0,22.92,254.4,436.6
1590.1,0.304,0.155,0.434,0.043,0.032,68.2,862.7,83.6,34.7,21.67,196.8,394.06
1579.9,0.304,0.337,1.175,0.01,0.013,51.1,836.7,73.9,29.3,27.65,279.5,429.73
1577.2,0.421,0.298,1.039,0.035,0.023,28.4,846.3,64.7,44.3,34.44,281.6,427.61
1578.7,0.336,0.249,0.634,0.012,0.011,60.3,828.8,65.6,39.3,36.46,117.5,429.68
1593.5,0.267,0.267,1.184,0.02,0.024,57.2,789.4,93.2,44.1,36.12,287.3,419.38
1601.8,0.336,0.316,0.882,0.012,0.03,64.5,862.9,90.8,33.5,23.99,265.1,421.33
1600.5,0.242,0.169,0.866,0.034,0.014,30.2,920.2,91.7,34.5,32.18,258.3,391.75
1611.5,0.253,0.399,0.998,0.037,0.019,31.7,850.7,94.7,43.0,22.82,140.2,407.4
1595.3,0.35,0.392,1.049,0.015,0.022,73.4,859.0,67.3,35.5,16.52,261.0,426.89
1624.1,0.326,0.295,0.925,0.025,0.038,65.0,877.7,72.4,39.1,32.54,270.0,422.99
1589.7,0.474,0.16,0.502,0.028,0.04,74.5,799.2,83.4,30.0,15.25,157.8,423.27
1649.4,0.309,0.304,0.671,0.025,0.011,65.5,918.1,76.9,33.9,25.23,290.5,413.38
1607.5,0.374,0.122,1.142,0.015,0.033,55.8,858.1,74.6,27.5,23.23,110.0,426.23
1577.9,0.39,0.109,0.58,0.027,0.021,59.2,915.3,72.5,29.1,32.33,130.0,410.57
1573.6,0.204,0.177,0.698,0.04,0.022,73.3,820.7,80.8,25.0,34.16,207.5,379.95
1604.6,0.399,0.239,0.746,0.013,0.033,54.7,922.7,80.1,25.8,22.6,215.2,415.38
1590.5,0.253,0.36,0.752,0.013,0.038,57.9,881.0,65.7,44.5,35.29,229.0,425.62
1609.3,0.488,0.318,0.89,0.024,0.039,29.4,872.1,76.5,29.8,22.35,103.4,438.69
1604.5,0.245,0.323,1.154,0.048,0.027,48.4,859.4,79.4,38.3,26.16,292.1,422.43
1593.5,0.324,0.228,0.593,0.037,0.021,63.0,840.1,80.0,41.8,33.18,108.9,403.65
1578.1,0.226,0.204,0.497,0.037,0.034,36.3,898.0,67.4,36.0,32.32,128.6,399.61
1564.7,0.499,0.211,0.558,0.024,0.018,32.1,855.6,86.0,28.1,39.68,102.8,423.03
1586.1,0.351,0.396,1.11,0.034,0.027,38.8,771.3,60.9,39.6,20.63,213.4,429.45
1612.1,0.379,0.112,0.917,0.01,0.021,34.5,805.3,72.4,37.0,31.56,286.5,433.9
1599.3,0.22,0.36,0.629,0.035,0.03,32.9,842.6,87.3,39.6,30.24,233.2,402.96
1570.1,0.425,0.274,1.053,0.047,0.017,45.5,862.4,79.7,40.4,37.88,264.5,448.16
1598.5,0.263,0.232,1.089,0.035,0.016,74.5,847.7,69.1,44.5,18.91,102.7,413.19
1602.7,0.469,0.318,1.077,0.045,0.038,50.4,898.8,84.3,36.5,33.79,208.4,414.67
1577.3,0.262,0.246,1.135,0.039,0.013,31.3,772.0,79.9,31.8,29.21,191.9,412.46
1598.1,0.257,0.362,0.602,0.015,0.025,24.6,855.7,87.9,38.0,21.87,199.8,398.29
1596.2,0.211,0.37,1.004,0.046,0.017,61.8,777.3,85.7,26.4,26.86,114.4,393.85
1572.1,0.342,0.227,0.768,0.013,0.011,43.0,880.4,81.4,42.9,23.34,236.9,426.22
1602.2,0.369,0.183,1.074,0.031,0.011,69.3,846.2,77.1,27.4,29.48,200.6,422.05
1606.2,0.22,0.278,0.983,0.016,0.015,59.6,866.8,64.7,31.6,37.23,253.0,421.57
1616.7,0.433,0.374,1.021,0.01,0.036,67.8,815.4,69.1,41.3,29.23,197.1,441.67
1616.1,0.336,0.163,0.925,0.027,0.018,36.3,901.2,74.7,36.9,30.79,129.9,418.8
1567.4,0.357,0.287,0.542,0.022,0.039,61.5,891.7,81.0,32.9,27.97,229.7,401.69
1576.2,0.332,0.289,0.836,0.029,0.027,35.8,873.3,78.0,34.5,16.28,134.5,405.97
1605.3,0.32,0.32,1.188,0.033,0.023,76.3,844.8,70.1,42.1,20.82,274.5,425.37
1605.3,0.368,0.139,1.15,0.012,0.027,58.2,873.2,60.2,31.8,27.3,222.6,418.54
1605.3,0.247,0.315,0.435,0.015,0.026,39.5,821.7,77.4,42.4,22.76,131.4,413.41
1672.1,0.255,0.373,0.532,0.032,0.033,36.2,884.2,70.0,26.8,19.54,292.5,400.85
1606.4,0.459,0.154,0.505,0.024,0.018,31.5,916.0,85.7,40.5,27.6,203.7,432.95
1617.7,0.484,0.171,0.981,0.039,0.021,61.7,892.8,60.8,42.0,23.07,114.6,452.75
1614.1,0.312,0.391,1.054,0.036,0.037,33.1,820.8,80.5,28.6,21.45,225.4,403.95
1608.0,0.281,0.154,0.571,0.044,0.038,55.7,864.5,93.0,33.6,26.6,150.6,371.59
1588.7,0.393,0.356,0.805,0.038,0.037,35.9,798.3,66.1,28.3,18.33,260.7,422.76
1610.2,0.323,0.248,1.073,0.027,0.023,59.7,872.9,76.5,39.1,38.19,263.6,419.53
1579.5,0.208,0.174,0.986,0.037,0.033,68.9,868.0,63.2,35.7,36.69,295.8,396.95
1590.3,0.247,0.361,0.834,0.021,0.024,66.7,775.2,81.9,37.7,32.69,200.4,408.63
1585.3,0.415,0.234,0.872,0.022,0.025,65.7,803.5,79.3,28.9,17.66,191.0,420.42
1596.6,0.398,0.254,0.807,0.042,0.016,31.3,838.7,74.3,29.2,34.4,250.7,424.31
1641.3,0.208,0.208,0.638,0.028,0.028,25.3,838.0,78.2,25.8,35.2,126.5,407.06
1557.7,0.267,0.278,0.852,0.042,0.016,61.9,801.6,91.4,31.4,34.19,209.4,379.5
1608.7,0.269,0.149,0.951,0.043,0.02,42.1,865.6,66.9,36.2,17.85,209.2,404.68
1562.7,0.402,0.217,1.099,0.044,0.036,45.9,860.1,60.8,42.2,31.1,117.9,426.56
1585.6,0.206,0.391,0.909,0.047,0.016,21.9,842.2,90.2,38.3,35.86,183.6,394.23
1616.8,0.231,0.177,1.009,0.027,0.012,35.6,819.8,80.2,33.7,29.43,270.7,423.33
1596.3,0.44,0.297,0.528,0.023,0.012,22.0,891.9,91.2,44.1,31.16,271.2,429.96
1573.4,0.254,0.198,0.769,0.033,0.038,72.8,916.2,80.9,39.4,26.46,119.8,391.42
1580.7,0.396,0.332,0.407,0.025,0.025,34.6,830.7,88.4,43.6,28.22,118.1,430.26
1608.6,0.271,0.139,0.597,0.034,0.022,53.4,825.5,75.0,35.6,15.86,152.5,398.47
1580.4,0.23,0.391,0.981,0.038,0.034,22.3,869.6,86.2,30.2,30.97,275.0,384.33
1599.3,0.273,0.236,1.193,0.038,0.035,60.0,835.7,92.0,26.1,17.04,125.8,390.11
1595.9,0.417,0.171,0.479,0.025,0.02,39.4,844.4,80.0,39.5,25.88,244.0,433.72
1582.0,0.457,0.122,0.721,0.017,0.031,73.9,879.6,66.3,27.4,22.32,120.2,419.44
1637.9,0.449,0.151,1.04,0.027,0.033,73.3,773.6,69.4,31.1,28.64,224.6,423.59
1607.7,0.319,0.256,0.563,0.016,0.03,39.5,902.7,67.0,35.6,18.34,171.2,427.79
1554.5,0.4,0.201,0.844,0.046,0.015,74.1,852.9,68.6,36.3,32.29,257.8,412.46
1598.7,0.261,0.349,0.986,0.024,0.036,79.8,833.5,70.7,37.0,34.88,146.7,407.27
1581.8,0.288,0.229,0.893,0.016,0.026,69.5,846.4,79.4,28.3,19.08,227.8,407.16
1612.0,0.469,0.175,0.55,0.011,0.018,70.7,848.5,80.6,32.6,17.61,147.1,436.77
1579.1,0.204,0.285,0.684,0.036,0.023,34.9,780.8,74.9,37.3,18.64,242.7,422.62
1592.7,0.226,0.312,1.027,0.035,0.011,54.6,909.8,81.5,44.4,36.93,274.7,414.77
1605.1,0.262,0.15,0.843,0.024,0.014,24.0,851.7,62.9,39.6,28.2,125.4,430.87
1612.3,0.208,0.15,0.404,0.013,0.033,25.7,867.7,63.1,43.5,26.68,273.3,408.08
1571.0,0.254,0.111,1.009,0.026,0.01,79.9,888.1,66.0,40.2,17.67,218.7,399.15
1588.3,0.375,0.321,0.428,0.022,0.022,39.6,809.2,78.1,36.8,31.24,125.4,426.01
1585.5,0.326,0.299,0.997,0.037,0.026,64.9,868.9,67.5,28.8,36.7,185.5,411.87
1581.9,0.468,0.242,0.562,0.034,0.012,68.4,839.3,69.9,38.3,35.7,132.2,422.77
1630.3,0.445,0.353,1.166,0.025,0.039,71.5,883.9,74.0,37.5,30.65,240.1,433.65
1603.1,0.303,0.342,0.694,0.019,0.017,79.9,764.9,88.4,37.0,16.88,251.8,419.26
1569.8,0.278,0.276,0.662,0.05,0.019,34.5,846.0,60.5,34.8,17.81,121.2,411.15
1613.4,0.314,0.36,0.519,0.028,0.019,22.4,825.9,82.7,35.6,16.23,201.2,424.39
1637.4,0.377,0.162,0.644,0.038,0.017,44.7,867.3,83.4,31.7,21.44,262.9,415.7
1615.6,0.28,0.134,1.101,0.016,0.01,27.8,868.8,88.0,35.4,18.39,287.2,412.9
1564.6,0.387,0.181,1.197,0.029,0.032,21.3,821.7,92.6,29.0,21.5,202.7,410.33
1585.3,0.323,0.117,0.695,0.011,0.039,41.6,821.5,60.7,41.1,24.63,290.1,414.1
1620.3,0.366,0.259,0.759,0.03,0.017,67.0,845.6,65.4,28.7,38.57,207.1,435.38
1580.8,0.331,0.381,0.978,0.049,0.03,54.0,814.1,91.0,26.7,30.26,178.8,401.44
1603.9,0.288,0.112,1.109,0.025,0.032,38.8,883.7,76.0,33.7,35.87,269.6,406.56
1610.5,0.485,0.137,0.874,0.012,0.035,59.3,835.2,79.8,38.2,32.76,198.6,428.29
1576.5,0.429,0.236,0.713,0.011,0.023,33.9,733.7,83.2,33.8,17.81,194.4,458.84
1593.8,0.242,0.38,0.73,0.026,0.019,20.9,835.0,83.8,30.5,33.4,198.1,401.87
1530.2,0.461,0.195,0.956,0.016,0.02,65.9,808.5,92.6,36.2,21.88,269.4,421.57
1574.5,0.346,0.252,0.403,0.011,0.031,57.4,784.7,94.9,31.9,30.98,266.4,412.67
1589.9,0.468,0.112,0.896,0.04,0.035,65.7,800.5,85.2,43.7,23.52,180.7,426.6
1570.0,0.44,0.145,0.684,0.028,0.015,22.3,854.4,70.1,43.5,39.94,166.7,443.29
1627.6,0.328,0.396,1.035,0.022,0.021,70.2,903.1,90.8,35.0,21.59,198.4,432.34
1566.4,0.207,0.39,0.474,0.046,0.037,57.2,862.5,61.7,31.6,21.98,214.6,396.05
1586.2,0.281,0.101,0.871,0.015,0.034,53.8,825.7,68.1,39.7,38.27,147.7,405.48
1597.6,0.362,0.386,0.785,0.048,0.04,57.5,868.2,91.4,25.7,15.62,258.8,396.94
1623.8,0.39,0.292,0.914,0.023,0.033,71.9,831.6,69.0,34.5,32.42,197.3,430.41
1566.3,0.277,0.36,0.452,0.046,0.022,55.2,822.2,67.7,31.7,33.13,166.8,419.38
1618.3,0.242,0.236,0.864,0.034,0.028,54.9,803.8,64.8,43.4,35.91,121.4,403.36
1595.2,0.45,0.255,0.849,0.043,0.03,79.4,779.9,90.1,25.2,39.36,147.8,420.02
1575.4,0.495,0.247,0.849,0.049,0.012,65.4,834.4,77.5,36.1,39.39,289.9,428.64
1604.2,0.358,0.3,0.883,0.022,0.026,46.5,856.3,83.6,39.8,16.63,161.0,431.3
1599.0,0.252,0.142,0.941,0.048,0.031,62.4,846.1,68.4,34.7,35.55,133.8,394.72
1583.0,0.282,0.109,1.044,0.026,0.015,43.4,833.4,86.5,26.7,31.16,192.1,395.55
1596.4,0.206,0.192,0.616,0.025,0.033,33.7,812.2,86.6,44.4,31.18,161.4,407.23
1587.3,0.474,0.311,1.06,0.024,0.028,55.8,874.3,70.9,35.4,18.21,107.0,443.8
1597.3,0.235,0.161,0.799,0.032,0.039,75.7,797.3,74.4,37.3,31.25,164.6,404.47
1608.2,0.373,0.302,0.462,0.016,0.011,75.7,881.0,67.3,29.7,39.56,208.8,423.51
1626.7,0.282,0.391,0.447,0.032,0.018,40.5,809.9,94.2,34.7,37.8,210.3,404.66
1570.2,0.366,0.128,0.667,0.032,0.028,51.7,819.9,82.6,33.6,25.98,171.3,395.15
1637.7,0.395,0.302,1.028,0.04,0.019,32.7,791.3,92.7,26.5,16.0,189.5,427.2
1556.0,0.449,0.233,0.966,0.043,0.031,79.7,829.9,70.6,27.1,24.06,293.1,417.23
1592.0,0.262,0.36,1.031,0.028,0.033,78.9,889.0,87.4,41.7,35.66,175.5,397.46
1606.8,0.203,0.153,0.814,0.022,0.013,59.0,870.6,86.8,29.8,32.54,151.6,389.51
1600.6,0.241,0.308,0.752,0.02,0.025,68.3,889.1,84.2,28.9,26.48,148.7,394.89
1582.5,0.47,0.351,0.518,0.018,0.025,62.9,870.9,93.8,35.1,16.38,191.6,414.46
1590.8,0.462,0.383,0.663,0.012,0.021,55.6,805.9,73.8,40.4,25.67,251.9,440.18
1585.1,0.379,0.305,0.747,0.024,0.038,23.2,836.8,64.6,26.2,26.73,141.2,415.38
1583.2,0.38,0.249,0.471,0.021,0.035,47.3,818.8,83.5,36.5,38.21,241.9,414.05
1612.0,0.4,0.285,0.576,0.049,0.031,60.5,903.2,85.5,27.4,31.03,104.2,396.57
1602.1,0.253,0.361,0.879,0.032,0.031,60.7,802.1,80.1,25.7,22.79,183.8,388.3
1581.1,0.474,0.271,0.989,0.024,0.024,42.4,885.7,67.2,26.1,28.13,255.2,450.4
1613.0,0.326,0.109,1.199,0.033,0.038,76.5,885.7,77.7,41.7,16.65,167.7,418.29
1601.1,0.315,0.379,1.146,0.016,0.031,30.0,923.2,70.9,27.4,39.31,212.7,417.07
1611.3,0.356,0.307,0.914,0.028,0.032,50.0,833.6,75.0,25.9,24.0,141.0,419.28
1607.6,0.214,0.303,0.737,0.035,0.036,61.5,878.5,82.6,33.8,26.95,248.4,395.49
1578.4,0.25,0.165,0.909,0.03,0.018,61.8,941.3,86.1,41.9,23.88,110.5,408.03
1583.8,0.421,0.298,1.029,0.026,0.034,58.9,825.3,68.1,30.2,32.06,270.5,421.49
1609.9,0.225,0.218,0.495,0.05,0.016,36.5,788.6,74.2,33.4,31.56,139.6,406.59
1607.2,0.381,0.295,0.728,0.045,0.02,29.4,774.8,69.4,25.8,32.88,274.9,416.66
1594.6,0.274,0.132,1.072,0.035,0.02,58.2,878.5,67.0,34.0,21.7,170.5,395.8
1597.3,0.317,0.297,0.707,0.033,0.039,56.0,774.7,87.4,36.6,22.89,244.5,413.71
1620.6,0.287,0.4,0.857,0.035,0.036,30.8,835.1,91.8,36.4,18.13,163.8,421.18
1583.2,0.307,0.114,0.87,0.018,0.031,62.3,867.5,73.0,31.6,31.39,281.2,427.65
1605.9,0.416,0.393,0.548,0.026,0.032,47.3,857.4,86.3,31.3,15.99,125.3,412.6
1591.0,0.289,0.222,0.69,0.012,0.027,60.1,867.0,91.4,27.1,29.94,135.7,406.92
1590.6,0.37,0.361,0.668,0.029,0.038,70.2,858.9,89.6,32.3,36.74,198.6,405.13
1617.0,0.343,0.335,0.421,0.032,0.025,30.2,901.2,66.4,27.0,37.27,116.4,422.84
1611.5,0.399,0.27,0.419,0.019,0.021,21.1,811.9,93.5,40.3,26.23,139.2,416.86
1611.3,0.481,0.322,1.065,0.049,0.015,66.7,822.9,73.2,44.3,26.48,288.8,429.68
1621.1,0.42,0.364,0.618,0.046,0.034,56.6,819.1,71.9,44.4,16.92,295.3,422.46
1595.4,0.264,0.221,0.814,0.039,0.032,62.0,883.2,62.2,42.3,31.77,175.3,408.21
1608.6,0.209,0.198,0.639,0.031,0.022,70.3,886.0,77.0,37.0,35.53,284.7,389.51
1588.8,0.279,0.3,1.153,0.045,0.011,68.2,868.0,63.8,39.0,21.12,209.0,420.18
1601.5,0.379,0.342,0.607,0.015,0.035,77.7,897.3,68.7,30.7,25.53,153.9,428.33
1592.4,0.215,0.329,0.744,0.042,0.01,52.2,802.9,71.1,37.6,35.97,240.5,411.94
1596.9,0.349,0.339,1.098,0.015,0.031,49.3,916.7,88.3,34.1,36.93,231.8,432.74
1606.9,0.379,0.231,1.074,0.042,0.039,44.1,910.9,90.6,34.6,21.08,297.8,411.16
1578.6,0.3,0.345,0.549,0.021,0.023,29.2,879.4,70.6,40.2,28.76,153.0,412.27
1636.8,0.431,0.136,1.042,0.045,0.017,54.4,921.3,90.1,30.6,19.81,234.4,423.85
1574.9,0.232,0.263,0.767,0.048,0.031,36.6,783.7,90.0,31.4,17.55,110.4,384.95
1570.7,0.223,0.102,0.786,0.016,0.035,75.3,829.0,86.8,43.5,37.78,122.7,403.0
1618.2,0.418,0.197,0.507,0.029,0.026,55.0,820.6,65.1,26.1,35.51,100.8,434.78
1610.8,0.349,0.21,0.464,0.049,0.039,55.6,878.9,84.2,34.7,34.0,299.9,400.58
1607.5,0.407,0.219,0.982,0.029,0.012,41.3,808.0,93.1,43.3,16.22,260.5,418.48
1607.6,0.33,0.309,0.797,0.045,0.025,23.1,880.3,83.9,37.2,36.09,257.3,405.67
1594.8,0.274,0.217,0.749,0.034,0.032,21.9,904.8,71.6,35.9,25.95,201.9,418.24
1577.1,0.446,0.235,0.984,0.025,0.036,45.4,877.8,77.5,30.0,23.56,160.0,422.44
1596.5,0.44,0.171,1.012,0.021,0.015,25.1,861.4,82.6,31.9,28.66,130.3,432.7
1581.5,0.408,0.212,0.527,0.018,0.034,56.4,810.5,77.9,42.0,17.28,156.9,431.73
1614.5,0.282,0.168,0.888,0.04,0.027,72.9,816.1,64.2,36.2,33.92,175.2,412.92
1592.1,0.377,0.122,0.508,0.025,0.022,73.0,900.0,70.9,35.3,29.56,251.3,414.4
1578.5,0.308,0.281,1.001,0.03,0.014,59.5,881.2,88.1,27.0,19.66,207.9,402.57
1588.6,0.227,0.3,0.926,0.03,0.036,32.7,848.4,90.1,25.3,19.71,115.5,391.08
1603.3,0.475,0.286,1.165,0.033,0.015,71.8,833.3,64.8,44.3,19.61,103.6,453.43
1583.7,0.241,0.239,0.455,0.045,0.019,73.2,769.0,93.3,32.5,16.43,120.5,390.75
1578.6,0.485,0.214,0.446,0.049,0.019,31.8,807.2,71.5,37.1,29.69,182.1,426.59
1599.9,0.334,0.359,0.626,0.026,0.036,64.2,926.5,83.2,26.6,36.01,286.6,411.96
1599.9,0.256,0.256,0.609,0.043,0.03,37.2,798.8,86.3,38.7,15.44,227.5,399.02
1584.9,0.363,0.244,0.598,0.041,0.034,68.2,857.6,88.4,43.7,16.23,260.4,399.58
1585.6,0.462,0.108,1.125,0.033,0.018,79.8,890.3,93.1,36.5,29.32,193.3,410.75
1599.6,0.42,0.202,0.6,0.048,0.029,21.8,799.8,71.0,27.5,35.49,172.3,409.97
1566.0,0.442,0.214,0.618,0.018,0.027,73.8,857.4,90.0,36.6,23.17,121.7,416.4
1566.9,0.398,0.22,1.008,0.014,0.035,57.4,887.5,64.6,40.3,23.74,275.2,440.45
1580.6,0.408,0.274,0.76,0.044,0.037,78.4,850.5,84.7,33.1,29.91,256.6,399.39
1590.7,0.455,0.26,1.021,0.028,0.01,47.9,964.7,86.0,42.6,21.86,133.6,434.43
1601.2,0.275,0.282,0.452,0.044,0.03,70.8,783.3,83.7,38.0,15.67,202.5,392.47
1624.5,0.347,0.329,0.79,0.046,0.012,23.7,892.3,68.8,43.0,33.38,197.5,426.75
1612.2,0.266,0.344,0.427,0.012,0.026,40.1,843.1,90.6,37.5,30.64,225.0,400.06
1591.8,0.496,0.315,0.45,0.045,0.019,24.0,880.9,65.9,27.6,29.52,289.2,429.26
1594.6,0.483,0.387,1.125,0.028,0.019,78.5,867.7,61.9,31.2,33.54,216.0,440.3
1574.9,0.212,0.105,0.511,0.03,0.021,69.0,820.7,85.1,29.0,31.88,208.0,387.43
1594.6,0.412,0.159,0.826,0.035,0.029,71.2,859.2,76.6,43.2,20.15,110.1,421.6
1589.2,0.478,0.102,0.729,0.047,0.02,76.3,775.7,89.7,40.2,23.81,112.6,407.67
1601.5,0.254,0.294,0.678,0.011,0.032,25.1,874.1,73.4,38.5,18.15,137.5,427.08
1578.5,0.37,0.369,1.12,0.029,0.022,43.1,861.9,65.9,31.0,18.25,106.5,430.68
1605.4,0.475,0.173,0.417,0.038,0.012,24.3,875.5,89.3,28.7,31.9,248.7,422.03
1625.7,0.21,0.378,0.931,0.039,0.034,32.6,892.3,79.2,40.1,36.47,244.7,405.61
1592.8,0.409,0.118,1.171,0.038,0.019,33.8,864.7,66.6,34.5,39.07,127.2,422.9
1603.0,0.289,0.38,0.848,0.015,0.023,48.1,855.9,85.2,29.5,30.71,267.2,416.75
1608.8,0.477,0.205,1.149,0.022,0.031,36.1,814.8,77.9,37.3,19.6,131.0,445.28
1587.0,0.491,0.13,0.442,0.024,0.02,26.1,821.5,81.2,25.8,17.64,160.2,412.45
1599.5,0.483,0.246,0.735,0.042,0.012,30.0,897.5,76.1,31.5,35.32,149.8,425.85
1595.3,0.342,0.177,0.608,0.021,0.021,28.8,907.5,89.0,34.4,29.47,174.5,409.56
1597.0,0.459,0.185,0.985,0.018,0.038,78.4,840.5,89.0,28.0,30.46,150.9,420.01
1579.5,0.453,0.192,1.185,0.048,0.029,65.6,851.8,84.8,44.7,34.54,197.8,431.24
1595.5,0.296,0.341,0.605,0.01,0.03,78.1,813.8,63.7,29.2,32.58,181.5,411.03
1605.0,0.449,0.262,0.923,0.05,0.029,46.4,896.9,89.4,27.6,35.86,297.3,407.43
1624.0,0.211,0.193,0.558,0.037,0.016,36.7,876.6,83.5,29.1,16.41,111.2,388.16
1614.2,0.379,0.283,0.852,0.043,0.023,67.9,927.6,84.4,40.4,33.69,128.4,406.91
1638.1,0.269,0.315,0.771,0.022,0.033,39.6,814.9,72.7,33.5,36.27,110.6,414.93
1579.7,0.236,0.182,1.178,0.011,0.013,38.0,834.9,90.8,36.3,22.15,225.2,417.91
1612.4,0.223,0.224,0.887,0.04,0.018,34.0,859.3,85.4,25.4,31.01,110.9,385.29
1598.7,0.409,0.137,0.68,0.043,0.018,27.8,875.9,63.9,25.7,22.85,267.3,420.67
1638.8,0.302,0.154,0.491,0.04,0.023,35.4,841.4,74.3,33.9,38.95,202.4,394.13
1578.8,0.417,0.304,0.521,0.016,0.039,41.3,815.1,91.0,41.3,15.84,205.4,421.22
1578.2,0.22,0.154,0.58,0.04,0.012,60.4,885.3,61.7,42.7,29.49,212.3,398.61
1583.0,0.295,0.258,0.601,0.041,0.026,23.8,878.8,93.6,26.7,19.16,134.2,407.58
1552.5,0.362,0.313,1.08,0.036,0.015,32.6,813.3,83.8,35.8,32.81,139.5,419.32
1584.5,0.437,0.132,0.849,0.041,0.039,68.5,904.2,82.1,43.3,19.4,163.8,395.36
1579.8,0.296,0.27,0.819,0.044,0.013,28.8,896.8,69.5,32.8,20.88,218.7,394.3
1598.0,0.388,0.177,0.492,0.035,0.022,40.6,855.4,68.7,41.6,27.36,142.0,423.59
1601.8,0.466,0.389,1.088,0.014,0.032,71.9,853.2,93.0,27.7,37.87,123.3,434.5
1632.5,0.385,0.245,0.978,0.03,0.031,29.3,872.2,70.4,43.7,20.29,294.0,437.32
1614.0,0.27,0.342,0.454,0.013,0.023,25.0,815.5,87.1,40.0,18.61,104.4,421.23
1583.5,0.207,0.265,0.966,0.026,0.02,49.1,851.2,73.8,43.8,33.97,260.5,419.56
1577.0,0.461,0.113,0.835,0.026,0.022,38.1,763.9,64.9,38.5,27.52,257.6,434.37
1604.8,0.206,0.29,0.465,0.013,0.018,53.8,885.1,60.4,32.3,37.79,159.4,417.31
1568.6,0.462,0.385,0.767,0.024,0.016,68.2,787.5,79.0,43.8,18.67,127.1,428.36
1631.6,0.359,0.28,0.788,0.014,0.024,28.2,910.1,94.2,30.5,31.15,129.1,412.13
1618.6,0.482,0.346,0.533,0.042,0.018,54.8,836.8,72.9,31.6,20.82,239.5,416.94
1585.6,0.44,0.365,1.157,0.048,0.019,50.3,841.5,72.5,39.0,18.92,228.6,431.14
1560.7,0.499,0.168,1.08,0.013,0.03,28.6,824.9,72.0,40.3,32.09,256.5,446.6
1622.1,0.305,0.164,0.935,0.048,0.039,57.4,838.5,78.2,43.6,29.84,287.5,406.05
1592.7,0.43,0.283,0.77,0.031,0.028,36.4,906.7,75.4,29.1,33.87,238.4,423.31
1619.8,0.321,0.223,0.729,0.022,0.012,49.3,750.5,90.8,41.0,22.74,131.2,414.72
1563.1,0.344,0.352,0.921,0.013,0.012,24.9,901.1,77.7,39.8,26.2,148.7,431.03
1583.0,0.388,0.37,0.836,0.03,0.039,47.6,863.5,77.8,26.3,25.14,268.4,403.9
1595.1,0.462,0.206,0.45,0.042,0.019,38.4,801.7,64.8,32.7,39.6,141.9,440.12
1595.9,0.495,0.171,0.81,0.038,0.013,69.3,807.0,94.4,30.7,22.31,114.5,418.21
1586.0,0.43,0.334,1.045,0.012,0.028,23.4,917.1,68.7,31.1,22.37,240.7,435.94
1607.5,0.325,0.182,0.767,0.013,0.029,45.1,812.2,62.6,44.7,23.86,180.5,444.58
1573.6,0.326,0.347,0.442,0.026,0.029,47.5,803.9,83.2,37.9,29.11,284.0,404.01
1592.2,0.421,0.227,1.029,0.022,0.018,63.5,895.5,80.8,39.4,21.31,230.1,419.86
1597.4,0.272,0.3,0.561,0.019,0.01,54.5,863.5,74.5,44.5,37.88,118.1,411.6
1605.3,0.233,0.129,0.607,0.021,0.039,60.0,812.5,74.8,32.5,21.64,289.6,396.31
1609.2,0.306,0.287,0.532,0.042,0.018,66.6,858.7,87.5,41.0,37.4,151.7,408.38
1572.5,0.286,0.236,0.664,0.047,0.03,71.7,809.0,66.8,33.7,17.59,167.4,404.86
1564.3,0.289,0.276,1.005,0.026,0.031,38.8,894.0,88.7,42.4,31.41,180.5,430.19
1620.6,0.27,0.15,0.816,0.046,0.028,52.3,892.5,82.7,28.6,37.67,110.2,372.45
1601.6,0.213,0.321,0.564,0.023,0.019,70.4,871.3,74.7,44.0,19.22,199.3,412.5
1580.0,0.205,0.359,1.102,0.029,0.018,79.4,864.5,76.0,29.4,39.21,124.7,394.74
1626.0,0.496,0.165,1.104,0.019,0.028,73.4,920.4,69.0,31.5,26.32,180.2,430.66
1597.3,0.328,0.129,1.096,0.036,0.036,42.3,850.0,86.3,40.1,38.64,170.1,403.66
1618.6,0.315,0.107,0.591,0.049,0.038,31.7,802.7,78.0,32.9,31.92,254.6,392.13
1596.4,0.404,0.293,0.761,0.034,0.013,49.4,868.0,71.2,37.2,22.54,260.6,442.23
1636.2,0.265,0.282,1.188,0.024,0.015,64.5,933.4,80.9,33.9,19.71,130.7,418.84
1630.1,0.485,0.264,1.018,0.036,0.038,49.6,809.4,94.9,39.8,22.59,173.3,430.42
1590.0,0.436,0.17,0.422,0.015,0.032,49.0,835.5,75.2,29.6,17.33,174.7,433.36
1614.4,0.227,0.217,0.452,0.046,0.036,70.3,866.7,92.2,26.2,18.6,130.3,362.66
1607.9,0.325,0.278,0.771,0.03,0.016,41.7,847.8,72.1,31.0,17.62,259.7,408.01
1622.4,0.464,0.249,1.127,0.028,0.028,71.6,810.7,61.9,34.5,25.57,241.4,422.67
1575.7,0.483,0.396,0.831,0.033,0.031,44.4,894.9,67.1,28.4,34.89,138.1,427.22
1608.7,0.34,0.141,0.798,0.035,0.03,39.7,942.8,74.7,32.1,18.53,173.3,407.87
1616.2,0.384,0.309,0.484,0.013,0.022,47.2,857.8,67.7,33.0,18.26,121.2,432.46
1559.8,0.25,0.221,0.925,0.037,0.01,65.7,813.8,60.0,26.1,31.09,225.6,404.73
1571.3,0.497,0.228,1.058,0.02,0.027,27.6,788.0,92.0,36.7,19.93,124.3,427.46
1554.2,0.27,0.315,0.704,0.039,0.018,31.8,860.3,89.5,42.7,17.44,297.2,411.98
1589.6,0.483,0.308,1.02,0.043,0.024,77.1,894.2,86.0,28.0,19.17,256.1,420.06
1609.4,0.395,0.397,1.172,0.042,0.039,30.5,869.0,65.9,37.0,38.09,178.0,437.56
1625.0,0.382,0.139,0.563,0.032,0.022,54.1,849.9,64.2,38.3,35.54,215.7,408.07
1596.5,0.354,0.131,0.819,0.031,0.035,54.8,826.4,62.4,33.4,23.85,282.3,418.14
1627.6,0.269,0.317,0.63,0.016,0.016,49.4,806.3,85.3,39.0,31.4,210.8,409.83
1567.4,0.253,0.274,1.034,0.041,0.03,58.7,883.4,92.5,33.2,28.43,134.9,387.32
1560.9,0.266,0.182,0.862,0.021,0.039,33.8,886.6,75.1,35.1,31.93,175.7,408.41
1593.9,0.256,0.124,0.908,0.03,0.013,53.2,788.2,64.2,25.1,32.07,268.6,407.07
1602.7,0.434,0.126,1.038,0.021,0.01,42.3,913.6,77.9,38.8,30.72,228.8,426.37
1594.3,0.305,0.368,0.717,0.015,0.023,59.7,873.0,72.2,38.2,21.65,230.1,422.54
1553.7,0.217,0.158,1.132,0.035,0.013,28.5,906.0,73.1,25.8,15.98,273.4,383.39
1593.2,0.491,0.197,0.826,0.012,0.032,54.3,796.3,81.7,32.4,26.39,278.8,444.45
1568.9,0.465,0.168,0.526,0.04,0.037,31.1,795.4,85.2,44.6,37.27,284.0,421.7
1608.4,0.478,0.206,0.957,0.023,0.023,36.7,844.0,63.9,33.4,29.24,119.0,452.21
1602.3,0.498,0.121,1.035,0.01,0.018,33.1,870.1,61.2,35.0,35.81,208.8,446.68
1576.2,0.252,0.256,0.653,0.03,0.023,31.0,921.9,94.8,43.2,39.79,248.1,396.19
1584.7,0.319,0.12,1.086,0.012,0.032,69.5,878.2,68.1,39.3,19.09,251.4,412.11
1573.8,0.427,0.34,1.125,0.021,0.01,37.1,840.3,61.9,36.6,32.29,221.3,454.43
1593.7,0.409,0.17,0.622,0.038,0.028,75.6,808.9,66.6,41.0,31.86,133.4,415.03
1614.1,0.246,0.262,1.187,0.013,0.028,78.2,899.2,61.4,42.3,39.5,259.5,425.89
1575.3,0.445,0.364,0.513,0.044,0.029,54.3,811.4,73.7,34.1,39.64,244.0,419.89
1605.1,0.267,0.295,0.562,0.01,0.017,28.6,915.1,88.1,34.5,32.17,117.2,396.83
1584.4,0.267,0.26,0.547,0.02,0.031,42.5,838.6,71.9,32.7,21.09,192.8,403.95
1579.1,0.361,0.197,1.115,0.04,0.013,67.9,913.6,75.5,44.3,34.96,134.8,408.9
1592.9,0.378,0.2,0.923,0.023,0.016,42.0,877.2,83.6,38.9,17.68,167.5,424.74
1574.3,0.374,0.301,0.522,0.014,0.036,25.2,844.5,77.8,26.7,34.52,103.6,409.65
1583.9,0.227,0.398,0.752,0.024,0.032,53.4,829.2,90.2,42.3,37.75,180.1,413.19
1571.0,0.463,0.299,0.892,0.021,0.01,70.7,836.4,90.3,34.6,24.57,210.0,429.57
1634.3,0.28,0.267,0.467,0.044,0.017,67.8,867.1,60.3,26.4,30.77,223.9,401.9
1595.7,0.239,0.319,1.106,0.023,0.016,30.5,853.1,87.2,36.0,25.75,232.7,418.68
1581.0,0.467,0.24,1.043,0.042,0.018,60.4,826.2,76.1,33.3,25.94,267.3,435.3
1599.3,0.487,0.118,0.804,0.046,0.017,33.2,843.4,94.6,42.6,22.76,143.1,424.7
1592.8,0.459,0.269,1.174,0.027,0.012,33.1,853.1,76.9,29.1,34.05,124.1,431.11
1590.6,0.443,0.387,0.734,0.046,0.024,72.4,764.9,94.5,41.5,38.4,270.3,408.23
1607.3,0.397,0.153,1.187,0.025,0.032,35.0,868.3,86.4,36.2,38.52,131.3,417.01
1610.2,0.365,0.307,0.934,0.049,0.028,35.8,810.8,68.7,26.1,19.37,295.0,411.69
1584.4,0.226,0.16,0.908,0.014,0.03,20.0,803.9,78.8,44.4,36.87,268.5,416.42
1583.5,0.323,0.261,0.533,0.037,0.012,72.2,782.5,94.7,35.3,33.44,200.2,400.1
1589.5,0.312,0.129,1.106,0.03,0.039,67.6,778.2,90.0,30.8,21.32,296.3,405.34
1549.0,0.278,0.235,0.742,0.026,0.035,57.6,795.8,63.4,34.4,16.68,119.5,403.81
1564.7,0.417,0.327,0.53,0.035,0.034,65.0,821.6,84.7,42.2,21.7,160.6,417.63
1622.3,0.349,0.204,0.41,0.038,0.035,29.1,928.1,72.1,31.1,37.81,227.6,416.75
1627.9,0.224,0.299,0.848,0.01,0.038,47.5,829.0,60.2,28.9,30.83,170.0,418.21
1590.0,0.266,0.339,0.822,0.017,0.026,41.1,857.1,74.1,27.6,33.03,285.7,411.92
1606.5,0.405,0.378,0.975,0.039,0.016,25.6,866.0,68.2,31.0,21.43,113.1,428.69
1601.2,0.223,0.17,1.112,0.037,0.029,49.2,855.2,88.7,40.6,32.98,209.9,392.38
1656.6,0.455,0.22,0.464,0.049,0.032,75.2,846.9,71.8,34.4,15.7,218.2,411.94
1617.4,0.349,0.146,0.985,0.04,0.032,22.4,802.2,89.0,29.5,24.38,230.5,404.33
1592.4,0.344,0.398,0.55,0.048,0.026,37.5,908.0,60.0,28.3,30.67,151.1,419.58
1575.9,0.378,0.378,1.087,0.038,0.012,32.5,922.3,70.8,31.7,18.65,172.9,424.39
1562.9,0.447,0.262,1.055,0.022,0.021,34.3,782.7,68.4,43.8,35.58,268.7,436.04
1599.1,0.304,0.353,0.833,0.014,0.038,74.5,809.0,68.2,31.9,20.88,139.0,432.48
1579.9,0.403,0.256,0.968,0.041,0.028,48.1,838.8,62.4,44.8,31.31,265.4,433.76
1566.6,0.37,0.287,0.651,0.036,0.026,48.0,811.4,66.5,34.7,25.13,212.5,408.7
1582.1,0.28,0.127,0.777,0.012,0.018,65.6,870.2,79.4,28.6,29.9,252.4,400.28
1573.4,0.464,0.327,1.057,0.024,0.021,29.3,820.9,70.2,42.8,17.69,242.7,449.76
1628.7,0.439,0.138,0.767,0.048,0.037,49.2,936.6,74.6,34.2,15.42,141.5,426.47
1612.6,0.398,0.348,0.686,0.03,0.03,45.8,897.6,73.2,39.2,37.74,213.8,418.85
1594.8,0.455,0.335,0.795,0.027,0.034,55.8,858.5,90.7,44.7,21.74,273.5,438.18
1624.6,0.46,0.313,1.063,0.028,0.024,80.0,891.1,91.7,26.0,35.49,186.4,432.01
1596.5,0.413,0.111,0.668,0.018,0.029,66.2,894.2,77.3,26.9,39.98,293.3,407.75
1577.8,0.451,0.191,0.539,0.025,0.017,43.9,827.4,71.6,39.4,20.29,190.4,431.29
1625.5,0.409,0.179,0.97,0.025,0.031,69.7,817.4,63.7,30.6,21.63,128.6,418.85
1605.8,0.404,0.208,1.061,0.012,0.023,30.2,853.1,93.4,28.7,31.57,177.9,423.87
1574.3,0.386,0.126,0.481,0.041,0.023,21.8,884.5,62.1,25.8,39.14,290.3,411.02
1591.2,0.426,0.381,0.592,0.027,0.029,32.3,855.6,70.4,25.4,37.9,163.9,432.93
1577.5,0.248,0.266,0.514,0.043,0.038,40.4,786.9,70.4,40.5,27.57,273.6,410.98
1567.3,0.464,0.192,0.678,0.044,0.012,50.6,817.9,71.2,27.7,34.88,276.3,415.84
